start_time,start_time_sec,start_code,end_time,end_time_sec,end_code,state_code,state,bout_duration,hour,date_time,NREM_duration,NREM_bout,NREM_ave,NREM_percentage,REM_duration,REM_bout,REM_ave,REM_percentage,WAKE_duration,WAKE_bout,WAKE_ave,WAKE_percentage,INIT_duration,INIT_bout,INIT_ave,INIT_percentage
2024-01-14 07:00:10,0,1,2024-01-14 07:10:19,609,0,3,Wake,610,0,2024-01-14 07:00:10,2285.0,14.0,163.21,0.63,336.0,7.0,48.0,0.09,980.0,15.0,65.33,0.27,0.0,0.0,0.0,0.0
2024-01-14 07:10:20,610,1,2024-01-14 07:10:32,622,0,1,NREM,13,0,2024-01-14 08:00:10,2142.0,18.0,119.0,0.59,424.0,8.0,53.0,0.12,1034.0,18.0,57.44,0.29,0.0,0.0,0.0,0.0
2024-01-14 07:10:33,623,1,2024-01-14 07:13:49,819,0,3,Wake,197,0,2024-01-14 09:00:10,678.0,8.0,84.75,0.19,23.0,1.0,23.0,0.01,2899.0,7.0,414.14,0.81,0.0,0.0,0.0,0.0
2024-01-14 07:13:50,820,1,2024-01-14 07:14:04,834,0,1,NREM,15,0,2024-01-14 10:00:10,2744.0,16.0,171.5,0.76,638.0,9.0,70.89,0.18,218.0,15.0,14.53,0.06,0.0,0.0,0.0,0.0
2024-01-14 07:14:05,835,1,2024-01-14 07:14:19,849,0,3,Wake,15,0,2024-01-14 11:00:10,924.0,5.0,184.8,0.26,40.0,1.0,40.0,0.01,2636.0,4.0,659.0,0.73,0.0,0.0,0.0,0.0
2024-01-14 07:14:20,850,1,2024-01-14 07:20:19,1209,0,1,NREM,360,0,2024-01-14 12:00:10,2776.0,20.0,138.8,0.77,516.0,12.0,43.0,0.14,308.0,17.0,18.12,0.09,0.0,0.0,0.0,0.0
2024-01-14 07:20:20,1210,1,2024-01-14 07:20:56,1246,0,3,Wake,37,0,2024-01-14 13:00:10,1578.0,14.0,112.71,0.44,266.0,7.0,38.0,0.07,1756.0,14.0,125.43,0.49,0.0,0.0,0.0,0.0
2024-01-14 07:20:57,1247,1,2024-01-14 07:21:07,1257,0,1,NREM,11,0,2024-01-14 14:00:10,2762.0,18.0,153.44,0.77,530.0,10.0,53.0,0.15,308.0,17.0,18.12,0.09,0.0,0.0,0.0,0.0
2024-01-14 07:21:08,1258,1,2024-01-14 07:21:20,1270,0,3,Wake,13,0,2024-01-14 15:00:10,1794.0,12.0,149.5,0.5,403.0,6.0,67.17,0.11,1403.0,11.0,127.55,0.39,0.0,0.0,0.0,0.0
2024-01-14 07:21:21,1271,1,2024-01-14 07:25:00,1490,0,1,NREM,220,0,2024-01-14 16:00:10,2505.0,18.0,139.17,0.7,432.0,6.0,72.0,0.12,663.0,17.0,39.0,0.18,0.0,0.0,0.0,0.0
2024-01-14 07:25:01,1491,1,2024-01-14 07:25:11,1501,0,2,REM,11,0,2024-01-14 17:00:10,1745.0,10.0,174.5,0.48,270.0,4.0,67.5,0.07,1585.0,9.0,176.11,0.44,0.0,0.0,0.0,0.0
2024-01-14 07:25:12,1502,1,2024-01-14 07:25:21,1511,0,3,Wake,10,0,2024-01-14 18:00:10,2202.0,18.0,122.33,0.61,453.0,7.0,64.71,0.13,945.0,18.0,52.5,0.26,0.0,0.0,0.0,0.0
2024-01-14 07:25:22,1512,1,2024-01-14 07:28:47,1717,0,1,NREM,206,0,2024-01-14 19:00:10,515.0,4.0,128.75,0.14,0.0,0.0,0.0,0.0,3085.0,5.0,617.0,0.86,0.0,0.0,0.0,0.0
2024-01-14 07:28:48,1718,1,2024-01-14 07:29:19,1749,0,2,REM,32,0,2024-01-14 20:00:10,0.0,0.0,0.0,0.0,0.0,0.0,0.0,0.0,3600.0,1.0,3600.0,1.0,0.0,0.0,0.0,0.0
2024-01-14 07:29:20,1750,1,2024-01-14 07:29:46,1776,0,3,Wake,27,0,2024-01-14 21:00:10,0.0,0.0,0.0,0.0,0.0,0.0,0.0,0.0,3600.0,1.0,3600.0,1.0,0.0,0.0,0.0,0.0
2024-01-14 07:29:47,1777,1,2024-01-14 07:32:34,1944,0,1,NREM,168,0,2024-01-14 22:00:10,0.0,0.0,0.0,0.0,0.0,0.0,0.0,0.0,3600.0,1.0,3600.0,1.0,0.0,0.0,0.0,0.0
2024-01-14 07:32:35,1945,1,2024-01-14 07:32:59,1969,0,2,REM,25,0,2024-01-14 23:00:10,0.0,0.0,0.0,0.0,0.0,0.0,0.0,0.0,3600.0,1.0,3600.0,1.0,0.0,0.0,0.0,0.0
2024-01-14 07:33:00,1970,1,2024-01-14 07:33:08,1978,0,3,Wake,9,0,2024-01-15 00:00:10,0.0,0.0,0.0,0.0,0.0,0.0,0.0,0.0,3600.0,1.0,3600.0,1.0,0.0,0.0,0.0,0.0
2024-01-14 07:33:09,1979,1,2024-01-14 07:36:11,2161,0,1,NREM,183,0,2024-01-15 01:00:10,2023.0,15.0,134.87,0.56,278.0,7.0,39.71,0.08,1299.0,15.0,86.6,0.36,0.0,0.0,0.0,0.0
2024-01-14 07:36:12,2162,1,2024-01-14 07:36:20,2170,0,3,Wake,9,0,2024-01-15 02:00:10,916.0,5.0,183.2,0.25,301.0,5.0,60.2,0.08,2383.0,6.0,397.17,0.66,0.0,0.0,0.0,0.0
2024-01-14 07:36:21,2171,1,2024-01-14 07:38:00,2270,0,1,NREM,100,0,2024-01-15 03:00:10,356.0,4.0,89.0,0.1,16.0,1.0,16.0,0.0,3228.0,5.0,645.6,0.9,0.0,0.0,0.0,0.0
2024-01-14 07:38:01,2271,1,2024-01-14 07:39:05,2335,0,2,REM,65,0,2024-01-15 04:00:10,666.0,4.0,166.5,0.18,149.0,4.0,37.25,0.04,2785.0,5.0,557.0,0.77,0.0,0.0,0.0,0.0
2024-01-14 07:39:06,2336,1,2024-01-14 07:39:13,2343,0,3,Wake,8,0,2024-01-15 05:00:10,0.0,0.0,0.0,0.0,0.0,0.0,0.0,0.0,3600.0,1.0,3600.0,1.0,0.0,0.0,0.0,0.0
2024-01-14 07:39:14,2344,1,2024-01-14 07:39:29,2359,0,1,NREM,16,0,2024-01-15 06:00:10,0.0,0.0,0.0,0.0,0.0,0.0,0.0,0.0,3600.0,1.0,3600.0,1.0,0.0,0.0,0.0,0.0
2024-01-14 07:39:30,2360,1,2024-01-14 07:40:44,2434,0,2,REM,75,0,2024-01-15 07:00:10,0.0,0.0,0.0,0.0,0.0,0.0,0.0,0.0,49.0,1.0,49.0,0.01,0.0,0.0,0.0,0.0
2024-01-14 07:40:45,2435,1,2024-01-14 07:40:54,2444,0,3,Wake,10,0,,,,,,,,,,,,,,,,,
2024-01-14 07:40:55,2445,1,2024-01-14 07:45:49,2739,0,1,NREM,295,0,,,,,,,,,,,,,,,,,
2024-01-14 07:45:50,2740,1,2024-01-14 07:46:00,2750,0,3,Wake,11,0,,,,,,,,,,,,,,,,,
2024-01-14 07:46:01,2751,1,2024-01-14 07:51:13,3063,0,1,NREM,313,0,,,,,,,,,,,,,,,,,
2024-01-14 07:51:14,3064,1,2024-01-14 07:52:50,3160,0,2,REM,97,0,,,,,,,,,,,,,,,,,
2024-01-14 07:52:51,3161,1,2024-01-14 07:52:58,3168,0,3,Wake,8,0,,,,,,,,,,,,,,,,,
2024-01-14 07:52:59,3169,1,2024-01-14 07:57:48,3458,0,1,NREM,290,0,,,,,,,,,,,,,,,,,
2024-01-14 07:57:49,3459,1,2024-01-14 07:58:19,3489,0,2,REM,31,0,,,,,,,,,,,,,,,,,
2024-01-14 07:58:20,3490,1,2024-01-14 07:58:29,3499,0,3,Wake,10,0,,,,,,,,,,,,,,,,,
2024-01-14 07:58:30,3500,1,2024-01-14 08:00:04,3594,0,1,NREM,95,0,,,,,,,,,,,,,,,,,
2024-01-14 08:00:05,3595,1,2024-01-14 08:00:10,3600,0,3,Wake,6,0,,,,,,,,,,,,,,,,,
2024-01-14 08:00:10,3600, ,2024-01-14 08:00:10,3600, ,5,MARKER,,1,,,,,,,,,,,,,,,,,
2024-01-14 08:00:11,3601,1,2024-01-14 08:09:14,4144,0,3,Wake,544,1,,,,,,,,,,,,,,,,,
2024-01-14 08:09:15,4145,1,2024-01-14 08:09:20,4150,0,1,NREM,6,1,,,,,,,,,,,,,,,,,
2024-01-14 08:09:21,4151,1,2024-01-14 08:12:08,4318,0,3,Wake,168,1,,,,,,,,,,,,,,,,,
2024-01-14 08:12:09,4319,1,2024-01-14 08:12:15,4325,0,1,NREM,7,1,,,,,,,,,,,,,,,,,
2024-01-14 08:12:16,4326,1,2024-01-14 08:12:33,4343,0,3,Wake,18,1,,,,,,,,,,,,,,,,,
2024-01-14 08:12:34,4344,1,2024-01-14 08:16:19,4569,0,1,NREM,226,1,,,,,,,,,,,,,,,,,
2024-01-14 08:16:20,4570,1,2024-01-14 08:16:32,4582,0,3,Wake,13,1,,,,,,,,,,,,,,,,,
2024-01-14 08:16:33,4583,1,2024-01-14 08:19:14,4744,0,1,NREM,162,1,,,,,,,,,,,,,,,,,
2024-01-14 08:19:15,4745,1,2024-01-14 08:20:11,4801,0,2,REM,57,1,,,,,,,,,,,,,,,,,
2024-01-14 08:20:12,4802,1,2024-01-14 08:20:19,4809,0,3,Wake,8,1,,,,,,,,,,,,,,,,,
2024-01-14 08:20:20,4810,1,2024-01-14 08:21:48,4898,0,1,NREM,89,1,,,,,,,,,,,,,,,,,
2024-01-14 08:21:49,4899,1,2024-01-14 08:21:56,4906,0,3,Wake,8,1,,,,,,,,,,,,,,,,,
2024-01-14 08:21:57,4907,1,2024-01-14 08:23:49,5019,0,1,NREM,113,1,,,,,,,,,,,,,,,,,
2024-01-14 08:23:50,5020,1,2024-01-14 08:25:06,5096,0,2,REM,77,1,,,,,,,,,,,,,,,,,
2024-01-14 08:25:07,5097,1,2024-01-14 08:25:23,5113,0,3,Wake,17,1,,,,,,,,,,,,,,,,,
2024-01-14 08:25:24,5114,1,2024-01-14 08:30:52,5442,0,1,NREM,329,1,,,,,,,,,,,,,,,,,
2024-01-14 08:30:53,5443,1,2024-01-14 08:31:01,5451,0,3,Wake,9,1,,,,,,,,,,,,,,,,,
2024-01-14 08:31:02,5452,1,2024-01-14 08:32:59,5569,0,1,NREM,118,1,,,,,,,,,,,,,,,,,
2024-01-14 08:33:00,5570,1,2024-01-14 08:34:03,5633,0,2,REM,64,1,,,,,,,,,,,,,,,,,
2024-01-14 08:34:04,5634,1,2024-01-14 08:34:12,5642,0,3,Wake,9,1,,,,,,,,,,,,,,,,,
2024-01-14 08:34:13,5643,1,2024-01-14 08:34:34,5664,0,1,NREM,22,1,,,,,,,,,,,,,,,,,
2024-01-14 08:34:35,5665,1,2024-01-14 08:34:41,5671,0,2,REM,7,1,,,,,,,,,,,,,,,,,
2024-01-14 08:34:42,5672,1,2024-01-14 08:34:47,5677,0,3,Wake,6,1,,,,,,,,,,,,,,,,,
2024-01-14 08:34:48,5678,1,2024-01-14 08:35:06,5696,0,1,NREM,19,1,,,,,,,,,,,,,,,,,
2024-01-14 08:35:07,5697,1,2024-01-14 08:37:48,5858,0,3,Wake,162,1,,,,,,,,,,,,,,,,,
2024-01-14 08:37:49,5859,1,2024-01-14 08:37:57,5867,0,1,NREM,9,1,,,,,,,,,,,,,,,,,
2024-01-14 08:37:58,5868,1,2024-01-14 08:38:04,5874,0,3,Wake,7,1,,,,,,,,,,,,,,,,,
2024-01-14 08:38:05,5875,1,2024-01-14 08:44:48,6278,0,1,NREM,404,1,,,,,,,,,,,,,,,,,
2024-01-14 08:44:49,6279,1,2024-01-14 08:45:40,6330,0,2,REM,52,1,,,,,,,,,,,,,,,,,
2024-01-14 08:45:41,6331,1,2024-01-14 08:45:54,6344,0,3,Wake,14,1,,,,,,,,,,,,,,,,,
2024-01-14 08:45:55,6345,1,2024-01-14 08:50:40,6630,0,1,NREM,286,1,,,,,,,,,,,,,,,,,
2024-01-14 08:50:41,6631,1,2024-01-14 08:51:14,6664,0,2,REM,34,1,,,,,,,,,,,,,,,,,
2024-01-14 08:51:15,6665,1,2024-01-14 08:51:22,6672,0,3,Wake,8,1,,,,,,,,,,,,,,,,,
2024-01-14 08:51:23,6673,1,2024-01-14 08:53:34,6804,0,1,NREM,132,1,,,,,,,,,,,,,,,,,
2024-01-14 08:53:35,6805,1,2024-01-14 08:54:37,6867,0,2,REM,63,1,,,,,,,,,,,,,,,,,
2024-01-14 08:54:38,6868,1,2024-01-14 08:54:46,6876,0,3,Wake,9,1,,,,,,,,,,,,,,,,,
2024-01-14 08:54:47,6877,1,2024-01-14 08:55:28,6918,0,1,NREM,42,1,,,,,,,,,,,,,,,,,
2024-01-14 08:55:29,6919,1,2024-01-14 08:56:38,6988,0,2,REM,70,1,,,,,,,,,,,,,,,,,
2024-01-14 08:56:39,6989,1,2024-01-14 08:56:56,7006,0,3,Wake,18,1,,,,,,,,,,,,,,,,,
2024-01-14 08:56:57,7007,1,2024-01-14 08:57:28,7038,0,1,NREM,32,1,,,,,,,,,,,,,,,,,
2024-01-14 08:57:29,7039,1,2024-01-14 08:57:35,7045,0,3,Wake,7,1,,,,,,,,,,,,,,,,,
2024-01-14 08:57:36,7046,1,2024-01-14 08:58:22,7092,0,1,NREM,47,1,,,,,,,,,,,,,,,,,
2024-01-14 08:58:23,7093,1,2024-01-14 08:58:31,7101,0,3,Wake,9,1,,,,,,,,,,,,,,,,,
2024-01-14 08:58:32,7102,1,2024-01-14 09:00:10,7200,0,1,NREM,99,1,,,,,,,,,,,,,,,,,
2024-01-14 09:00:10,7200, ,2024-01-14 09:00:10,7200, ,5,MARKER,,2,,,,,,,,,,,,,,,,,
2024-01-14 09:00:11,7201,1,2024-01-14 09:01:28,7278,0,1,NREM,78,2,,,,,,,,,,,,,,,,,
2024-01-14 09:01:29,7279,1,2024-01-14 09:01:38,7288,0,3,Wake,10,2,,,,,,,,,,,,,,,,,
2024-01-14 09:01:39,7289,1,2024-01-14 09:05:01,7491,0,1,NREM,203,2,,,,,,,,,,,,,,,,,
2024-01-14 09:05:02,7492,1,2024-01-14 09:05:24,7514,0,2,REM,23,2,,,,,,,,,,,,,,,,,
2024-01-14 09:05:25,7515,1,2024-01-14 09:05:36,7526,0,3,Wake,12,2,,,,,,,,,,,,,,,,,
2024-01-14 09:05:37,7527,1,2024-01-14 09:07:31,7641,0,1,NREM,115,2,,,,,,,,,,,,,,,,,
2024-01-14 09:07:32,7642,1,2024-01-14 09:11:54,7904,0,3,Wake,263,2,,,,,,,,,,,,,,,,,
2024-01-14 09:11:55,7905,1,2024-01-14 09:12:19,7929,0,1,NREM,25,2,,,,,,,,,,,,,,,,,
2024-01-14 09:12:20,7930,1,2024-01-14 09:12:24,7934,0,3,Wake,5,2,,,,,,,,,,,,,,,,,
2024-01-14 09:12:25,7935,1,2024-01-14 09:13:07,7977,0,1,NREM,43,2,,,,,,,,,,,,,,,,,
2024-01-14 09:13:08,7978,1,2024-01-14 09:15:14,8104,0,3,Wake,127,2,,,,,,,,,,,,,,,,,
2024-01-14 09:15:15,8105,1,2024-01-14 09:15:29,8119,0,1,NREM,15,2,,,,,,,,,,,,,,,,,
2024-01-14 09:15:30,8120,1,2024-01-14 09:54:34,10464,0,3,Wake,2345,2,,,,,,,,,,,,,,,,,
2024-01-14 09:54:35,10465,1,2024-01-14 09:55:15,10505,0,1,NREM,41,2,,,,,,,,,,,,,,,,,
2024-01-14 09:55:16,10506,1,2024-01-14 09:57:32,10642,0,3,Wake,137,2,,,,,,,,,,,,,,,,,
2024-01-14 09:57:33,10643,1,2024-01-14 10:00:10,10800,0,1,NREM,158,2,,,,,,,,,,,,,,,,,
2024-01-14 10:00:10,10800, ,2024-01-14 10:00:10,10800, ,5,MARKER,,3,,,,,,,,,,,,,,,,,
2024-01-14 10:00:11,10801,1,2024-01-14 10:00:44,10834,0,1,NREM,34,3,,,,,,,,,,,,,,,,,
2024-01-14 10:00:45,10835,1,2024-01-14 10:00:57,10847,0,3,Wake,13,3,,,,,,,,,,,,,,,,,
2024-01-14 10:00:58,10848,1,2024-01-14 10:08:45,11315,0,1,NREM,468,3,,,,,,,,,,,,,,,,,
2024-01-14 10:08:46,11316,1,2024-01-14 10:09:22,11352,0,2,REM,37,3,,,,,,,,,,,,,,,,,
2024-01-14 10:09:23,11353,1,2024-01-14 10:09:30,11360,0,3,Wake,8,3,,,,,,,,,,,,,,,,,
2024-01-14 10:09:31,11361,1,2024-01-14 10:13:49,11619,0,1,NREM,259,3,,,,,,,,,,,,,,,,,
2024-01-14 10:13:50,11620,1,2024-01-14 10:15:38,11728,0,2,REM,109,3,,,,,,,,,,,,,,,,,
2024-01-14 10:15:39,11729,1,2024-01-14 10:15:45,11735,0,3,Wake,7,3,,,,,,,,,,,,,,,,,
2024-01-14 10:15:46,11736,1,2024-01-14 10:16:34,11784,0,1,NREM,49,3,,,,,,,,,,,,,,,,,
2024-01-14 10:16:35,11785,1,2024-01-14 10:16:49,11799,0,3,Wake,15,3,,,,,,,,,,,,,,,,,
2024-01-14 10:16:50,11800,1,2024-01-14 10:21:57,12107,0,1,NREM,308,3,,,,,,,,,,,,,,,,,
2024-01-14 10:21:58,12108,1,2024-01-14 10:22:27,12137,0,2,REM,30,3,,,,,,,,,,,,,,,,,
2024-01-14 10:22:28,12138,1,2024-01-14 10:22:40,12150,0,3,Wake,13,3,,,,,,,,,,,,,,,,,
2024-01-14 10:22:41,12151,1,2024-01-14 10:25:33,12323,0,1,NREM,173,3,,,,,,,,,,,,,,,,,
2024-01-14 10:25:34,12324,1,2024-01-14 10:26:50,12400,0,2,REM,77,3,,,,,,,,,,,,,,,,,
2024-01-14 10:26:51,12401,1,2024-01-14 10:27:04,12414,0,3,Wake,14,3,,,,,,,,,,,,,,,,,
2024-01-14 10:27:05,12415,1,2024-01-14 10:32:54,12764,0,1,NREM,350,3,,,,,,,,,,,,,,,,,
2024-01-14 10:32:55,12765,1,2024-01-14 10:33:49,12819,0,2,REM,55,3,,,,,,,,,,,,,,,,,
2024-01-14 10:33:50,12820,1,2024-01-14 10:33:58,12828,0,3,Wake,9,3,,,,,,,,,,,,,,,,,
2024-01-14 10:33:59,12829,1,2024-01-14 10:34:08,12838,0,1,NREM,10,3,,,,,,,,,,,,,,,,,
2024-01-14 10:34:09,12839,1,2024-01-14 10:35:57,12947,0,2,REM,109,3,,,,,,,,,,,,,,,,,
2024-01-14 10:35:58,12948,1,2024-01-14 10:36:04,12954,0,3,Wake,7,3,,,,,,,,,,,,,,,,,
2024-01-14 10:36:05,12955,1,2024-01-14 10:37:22,13032,0,1,NREM,78,3,,,,,,,,,,,,,,,,,
2024-01-14 10:37:23,13033,1,2024-01-14 10:37:54,13064,0,3,Wake,32,3,,,,,,,,,,,,,,,,,
2024-01-14 10:37:55,13065,1,2024-01-14 10:44:40,13470,0,1,NREM,406,3,,,,,,,,,,,,,,,,,
2024-01-14 10:44:41,13471,1,2024-01-14 10:45:17,13507,0,2,REM,37,3,,,,,,,,,,,,,,,,,
2024-01-14 10:45:18,13508,1,2024-01-14 10:45:26,13516,0,3,Wake,9,3,,,,,,,,,,,,,,,,,
2024-01-14 10:45:27,13517,1,2024-01-14 10:46:55,13605,0,1,NREM,89,3,,,,,,,,,,,,,,,,,
2024-01-14 10:46:56,13606,1,2024-01-14 10:47:51,13661,0,3,Wake,56,3,,,,,,,,,,,,,,,,,
2024-01-14 10:47:52,13662,1,2024-01-14 10:48:02,13672,0,1,NREM,11,3,,,,,,,,,,,,,,,,,
2024-01-14 10:48:03,13673,1,2024-01-14 10:48:13,13683,0,3,Wake,11,3,,,,,,,,,,,,,,,,,
2024-01-14 10:48:14,13684,1,2024-01-14 10:53:59,14029,0,1,NREM,346,3,,,,,,,,,,,,,,,,,
2024-01-14 10:54:00,14030,1,2024-01-14 10:54:49,14079,0,2,REM,50,3,,,,,,,,,,,,,,,,,
2024-01-14 10:54:50,14080,1,2024-01-14 10:54:58,14088,0,3,Wake,9,3,,,,,,,,,,,,,,,,,
2024-01-14 10:54:59,14089,1,2024-01-14 10:55:24,14114,0,1,NREM,26,3,,,,,,,,,,,,,,,,,
2024-01-14 10:55:25,14115,1,2024-01-14 10:57:38,14248,0,2,REM,134,3,,,,,,,,,,,,,,,,,
2024-01-14 10:57:39,14249,1,2024-01-14 10:57:46,14256,0,3,Wake,8,3,,,,,,,,,,,,,,,,,
2024-01-14 10:57:47,14257,1,2024-01-14 10:59:10,14340,0,1,NREM,84,3,,,,,,,,,,,,,,,,,
2024-01-14 10:59:11,14341,1,2024-01-14 10:59:17,14347,0,3,Wake,7,3,,,,,,,,,,,,,,,,,
2024-01-14 10:59:18,14348,1,2024-01-14 11:00:10,14400,0,1,NREM,53,3,,,,,,,,,,,,,,,,,
2024-01-14 11:00:10,14400, ,2024-01-14 11:00:10,14400, ,5,MARKER,,4,,,,,,,,,,,,,,,,,
2024-01-14 11:00:11,14401,1,2024-01-14 11:04:44,14674,0,1,NREM,274,4,,,,,,,,,,,,,,,,,
2024-01-14 11:04:45,14675,1,2024-01-14 11:05:54,14744,0,3,Wake,70,4,,,,,,,,,,,,,,,,,
2024-01-14 11:05:55,14745,1,2024-01-14 11:09:34,14964,0,1,NREM,220,4,,,,,,,,,,,,,,,,,
2024-01-14 11:09:35,14965,1,2024-01-14 11:10:14,15004,0,2,REM,40,4,,,,,,,,,,,,,,,,,
2024-01-14 11:10:15,15005,1,2024-01-14 11:10:26,15016,0,3,Wake,12,4,,,,,,,,,,,,,,,,,
2024-01-14 11:10:27,15017,1,2024-01-14 11:12:00,15110,0,1,NREM,94,4,,,,,,,,,,,,,,,,,
2024-01-14 11:12:01,15111,1,2024-01-14 11:12:07,15117,0,3,Wake,7,4,,,,,,,,,,,,,,,,,
2024-01-14 11:12:08,15118,1,2024-01-14 11:13:34,15204,0,1,NREM,87,4,,,,,,,,,,,,,,,,,
2024-01-14 11:13:35,15205,1,2024-01-14 11:56:01,17751,0,3,Wake,2547,4,,,,,,,,,,,,,,,,,
2024-01-14 11:56:02,17752,1,2024-01-14 12:00:10,18000,0,1,NREM,249,4,,,,,,,,,,,,,,,,,
2024-01-14 12:00:10,18000, ,2024-01-14 12:00:10,18000, ,5,MARKER,,5,,,,,,,,,,,,,,,,,
2024-01-14 12:00:11,18001,1,2024-01-14 12:01:29,18079,0,1,NREM,79,5,,,,,,,,,,,,,,,,,
2024-01-14 12:01:30,18080,1,2024-01-14 12:02:26,18136,0,2,REM,57,5,,,,,,,,,,,,,,,,,
2024-01-14 12:02:27,18137,1,2024-01-14 12:02:32,18142,0,3,Wake,6,5,,,,,,,,,,,,,,,,,
2024-01-14 12:02:33,18143,1,2024-01-14 12:05:41,18331,0,1,NREM,189,5,,,,,,,,,,,,,,,,,
2024-01-14 12:05:42,18332,1,2024-01-14 12:06:28,18378,0,2,REM,47,5,,,,,,,,,,,,,,,,,
2024-01-14 12:06:29,18379,1,2024-01-14 12:06:34,18384,0,3,Wake,6,5,,,,,,,,,,,,,,,,,
2024-01-14 12:06:35,18385,1,2024-01-14 12:11:59,18709,0,1,NREM,325,5,,,,,,,,,,,,,,,,,
2024-01-14 12:12:00,18710,1,2024-01-14 12:12:09,18719,0,2,REM,10,5,,,,,,,,,,,,,,,,,
2024-01-14 12:12:10,18720,1,2024-01-14 12:12:23,18733,0,3,Wake,14,5,,,,,,,,,,,,,,,,,
2024-01-14 12:12:24,18734,1,2024-01-14 12:14:24,18854,0,1,NREM,121,5,,,,,,,,,,,,,,,,,
2024-01-14 12:14:25,18855,1,2024-01-14 12:15:13,18903,0,2,REM,49,5,,,,,,,,,,,,,,,,,
2024-01-14 12:15:14,18904,1,2024-01-14 12:15:29,18919,0,3,Wake,16,5,,,,,,,,,,,,,,,,,
2024-01-14 12:15:30,18920,1,2024-01-14 12:15:57,18947,0,1,NREM,28,5,,,,,,,,,,,,,,,,,
2024-01-14 12:15:58,18948,1,2024-01-14 12:16:09,18959,0,3,Wake,12,5,,,,,,,,,,,,,,,,,
2024-01-14 12:16:10,18960,1,2024-01-14 12:16:31,18981,0,1,NREM,22,5,,,,,,,,,,,,,,,,,
2024-01-14 12:16:32,18982,1,2024-01-14 12:17:42,19052,0,3,Wake,71,5,,,,,,,,,,,,,,,,,
2024-01-14 12:17:43,19053,1,2024-01-14 12:21:39,19289,0,1,NREM,237,5,,,,,,,,,,,,,,,,,
2024-01-14 12:21:40,19290,1,2024-01-14 12:23:11,19381,0,2,REM,92,5,,,,,,,,,,,,,,,,,
2024-01-14 12:23:12,19382,1,2024-01-14 12:23:43,19413,0,3,Wake,32,5,,,,,,,,,,,,,,,,,
2024-01-14 12:23:44,19414,1,2024-01-14 12:24:24,19454,0,1,NREM,41,5,,,,,,,,,,,,,,,,,
2024-01-14 12:24:25,19455,1,2024-01-14 12:24:49,19479,0,3,Wake,25,5,,,,,,,,,,,,,,,,,
2024-01-14 12:24:50,19480,1,2024-01-14 12:28:22,19692,0,1,NREM,213,5,,,,,,,,,,,,,,,,,
2024-01-14 12:28:23,19693,1,2024-01-14 12:28:46,19716,0,3,Wake,24,5,,,,,,,,,,,,,,,,,
2024-01-14 12:28:47,19717,1,2024-01-14 12:31:00,19850,0,1,NREM,134,5,,,,,,,,,,,,,,,,,
2024-01-14 12:31:01,19851,1,2024-01-14 12:31:11,19861,0,3,Wake,11,5,,,,,,,,,,,,,,,,,
2024-01-14 12:31:12,19862,1,2024-01-14 12:32:31,19941,0,1,NREM,80,5,,,,,,,,,,,,,,,,,
2024-01-14 12:32:32,19942,1,2024-01-14 12:33:38,20008,0,2,REM,67,5,,,,,,,,,,,,,,,,,
2024-01-14 12:33:39,20009,1,2024-01-14 12:33:46,20016,0,3,Wake,8,5,,,,,,,,,,,,,,,,,
2024-01-14 12:33:47,20017,1,2024-01-14 12:34:36,20066,0,1,NREM,50,5,,,,,,,,,,,,,,,,,
2024-01-14 12:34:37,20067,1,2024-01-14 12:34:43,20073,0,3,Wake,7,5,,,,,,,,,,,,,,,,,
2024-01-14 12:34:44,20074,1,2024-01-14 12:38:20,20290,0,1,NREM,217,5,,,,,,,,,,,,,,,,,
2024-01-14 12:38:21,20291,1,2024-01-14 12:39:06,20336,0,2,REM,46,5,,,,,,,,,,,,,,,,,
2024-01-14 12:39:07,20337,1,2024-01-14 12:39:16,20346,0,3,Wake,10,5,,,,,,,,,,,,,,,,,
2024-01-14 12:39:17,20347,1,2024-01-14 12:41:15,20465,0,1,NREM,119,5,,,,,,,,,,,,,,,,,
2024-01-14 12:41:16,20466,1,2024-01-14 12:41:48,20498,0,3,Wake,33,5,,,,,,,,,,,,,,,,,
2024-01-14 12:41:49,20499,1,2024-01-14 12:44:06,20636,0,1,NREM,138,5,,,,,,,,,,,,,,,,,
2024-01-14 12:44:07,20637,1,2024-01-14 12:45:13,20703,0,2,REM,67,5,,,,,,,,,,,,,,,,,
2024-01-14 12:45:14,20704,1,2024-01-14 12:45:22,20712,0,3,Wake,9,5,,,,,,,,,,,,,,,,,
2024-01-14 12:45:23,20713,1,2024-01-14 12:47:06,20816,0,1,NREM,104,5,,,,,,,,,,,,,,,,,
2024-01-14 12:47:07,20817,1,2024-01-14 12:47:36,20846,0,2,REM,30,5,,,,,,,,,,,,,,,,,
2024-01-14 12:47:37,20847,1,2024-01-14 12:47:51,20861,0,1,NREM,15,5,,,,,,,,,,,,,,,,,
2024-01-14 12:47:52,20862,1,2024-01-14 12:48:03,20873,0,3,Wake,12,5,,,,,,,,,,,,,,,,,
2024-01-14 12:48:04,20874,1,2024-01-14 12:52:43,21153,0,1,NREM,280,5,,,,,,,,,,,,,,,,,
2024-01-14 12:52:44,21154,1,2024-01-14 12:52:56,21166,0,2,REM,13,5,,,,,,,,,,,,,,,,,
2024-01-14 12:52:57,21167,1,2024-01-14 12:53:20,21190,0,1,NREM,24,5,,,,,,,,,,,,,,,,,
2024-01-14 12:53:21,21191,1,2024-01-14 12:53:40,21210,0,2,REM,20,5,,,,,,,,,,,,,,,,,
2024-01-14 12:53:41,21211,1,2024-01-14 12:53:52,21222,0,3,Wake,12,5,,,,,,,,,,,,,,,,,
2024-01-14 12:53:53,21223,1,2024-01-14 12:59:52,21582,0,1,NREM,360,5,,,,,,,,,,,,,,,,,
2024-01-14 12:59:53,21583,1,2024-01-14 13:00:10,21600,0,2,REM,18,5,,,,,,,,,,,,,,,,,
2024-01-14 13:00:10,21600, ,2024-01-14 13:00:10,21600, ,5,MARKER,,6,,,,,,,,,,,,,,,,,
2024-01-14 13:00:11,21601,1,2024-01-14 13:01:44,21694,0,2,REM,94,6,,,,,,,,,,,,,,,,,
2024-01-14 13:01:45,21695,1,2024-01-14 13:01:57,21707,0,3,Wake,13,6,,,,,,,,,,,,,,,,,
2024-01-14 13:01:58,21708,1,2024-01-14 13:02:41,21751,0,1,NREM,44,6,,,,,,,,,,,,,,,,,
2024-01-14 13:02:42,21752,1,2024-01-14 13:02:47,21757,0,3,Wake,6,6,,,,,,,,,,,,,,,,,
2024-01-14 13:02:48,21758,1,2024-01-14 13:03:56,21826,0,1,NREM,69,6,,,,,,,,,,,,,,,,,
2024-01-14 13:03:57,21827,1,2024-01-14 13:04:03,21833,0,3,Wake,7,6,,,,,,,,,,,,,,,,,
2024-01-14 13:04:04,21834,1,2024-01-14 13:08:42,22112,0,1,NREM,279,6,,,,,,,,,,,,,,,,,
2024-01-14 13:08:43,22113,1,2024-01-14 13:08:54,22124,0,3,Wake,12,6,,,,,,,,,,,,,,,,,
2024-01-14 13:08:55,22125,1,2024-01-14 13:11:34,22284,0,1,NREM,160,6,,,,,,,,,,,,,,,,,
2024-01-14 13:11:35,22285,1,2024-01-14 13:11:46,22296,0,2,REM,12,6,,,,,,,,,,,,,,,,,
2024-01-14 13:11:47,22297,1,2024-01-14 13:12:07,22317,0,3,Wake,21,6,,,,,,,,,,,,,,,,,
2024-01-14 13:12:08,22318,1,2024-01-14 13:13:01,22371,0,1,NREM,54,6,,,,,,,,,,,,,,,,,
2024-01-14 13:13:02,22372,1,2024-01-14 13:13:11,22381,0,3,Wake,10,6,,,,,,,,,,,,,,,,,
2024-01-14 13:13:12,22382,1,2024-01-14 13:14:30,22460,0,1,NREM,79,6,,,,,,,,,,,,,,,,,
2024-01-14 13:14:31,22461,1,2024-01-14 13:15:06,22496,0,2,REM,36,6,,,,,,,,,,,,,,,,,
2024-01-14 13:15:07,22497,1,2024-01-14 13:15:13,22503,0,3,Wake,7,6,,,,,,,,,,,,,,,,,
2024-01-14 13:15:14,22504,1,2024-01-14 13:15:26,22516,0,1,NREM,13,6,,,,,,,,,,,,,,,,,
2024-01-14 13:15:27,22517,1,2024-01-14 13:15:36,22526,0,3,Wake,10,6,,,,,,,,,,,,,,,,,
2024-01-14 13:15:37,22527,1,2024-01-14 13:16:27,22577,0,1,NREM,51,6,,,,,,,,,,,,,,,,,
2024-01-14 13:16:28,22578,1,2024-01-14 13:16:35,22585,0,2,REM,8,6,,,,,,,,,,,,,,,,,
2024-01-14 13:16:36,22586,1,2024-01-14 13:16:44,22594,0,3,Wake,9,6,,,,,,,,,,,,,,,,,
2024-01-14 13:16:45,22595,1,2024-01-14 13:17:56,22666,0,1,NREM,72,6,,,,,,,,,,,,,,,,,
2024-01-14 13:17:57,22667,1,2024-01-14 13:18:05,22675,0,2,REM,9,6,,,,,,,,,,,,,,,,,
2024-01-14 13:18:06,22676,1,2024-01-14 13:18:13,22683,0,3,Wake,8,6,,,,,,,,,,,,,,,,,
2024-01-14 13:18:14,22684,1,2024-01-14 13:18:32,22702,0,1,NREM,19,6,,,,,,,,,,,,,,,,,
2024-01-14 13:18:33,22703,1,2024-01-14 13:18:44,22714,0,3,Wake,12,6,,,,,,,,,,,,,,,,,
2024-01-14 13:18:45,22715,1,2024-01-14 13:19:15,22745,0,1,NREM,31,6,,,,,,,,,,,,,,,,,
2024-01-14 13:19:16,22746,1,2024-01-14 13:45:58,24348,0,3,Wake,1603,6,,,,,,,,,,,,,,,,,
2024-01-14 13:45:59,24349,1,2024-01-14 13:52:14,24724,0,1,NREM,376,6,,,,,,,,,,,,,,,,,
2024-01-14 13:52:15,24725,1,2024-01-14 13:53:18,24788,0,2,REM,64,6,,,,,,,,,,,,,,,,,
2024-01-14 13:53:19,24789,1,2024-01-14 13:53:49,24819,0,3,Wake,31,6,,,,,,,,,,,,,,,,,
2024-01-14 13:53:50,24820,1,2024-01-14 13:59:01,25131,0,1,NREM,312,6,,,,,,,,,,,,,,,,,
2024-01-14 13:59:02,25132,1,2024-01-14 13:59:44,25174,0,2,REM,43,6,,,,,,,,,,,,,,,,,
2024-01-14 13:59:45,25175,1,2024-01-14 13:59:51,25181,0,3,Wake,7,6,,,,,,,,,,,,,,,,,
2024-01-14 13:59:52,25182,1,2024-01-14 14:00:10,25200,0,1,NREM,19,6,,,,,,,,,,,,,,,,,
2024-01-14 14:00:10,25200, ,2024-01-14 14:00:10,25200, ,5,MARKER,,7,,,,,,,,,,,,,,,,,
2024-01-14 14:00:11,25201,1,2024-01-14 14:02:36,25346,0,1,NREM,146,7,,,,,,,,,,,,,,,,,
2024-01-14 14:02:37,25347,1,2024-01-14 14:03:21,25391,0,2,REM,45,7,,,,,,,,,,,,,,,,,
2024-01-14 14:03:22,25392,1,2024-01-14 14:03:30,25400,0,3,Wake,9,7,,,,,,,,,,,,,,,,,
2024-01-14 14:03:31,25401,1,2024-01-14 14:03:46,25416,0,1,NREM,16,7,,,,,,,,,,,,,,,,,
2024-01-14 14:03:47,25417,1,2024-01-14 14:05:22,25512,0,2,REM,96,7,,,,,,,,,,,,,,,,,
2024-01-14 14:05:23,25513,1,2024-01-14 14:05:29,25519,0,3,Wake,7,7,,,,,,,,,,,,,,,,,
2024-01-14 14:05:30,25520,1,2024-01-14 14:12:59,25969,0,1,NREM,450,7,,,,,,,,,,,,,,,,,
2024-01-14 14:13:00,25970,1,2024-01-14 14:13:05,25975,0,3,Wake,6,7,,,,,,,,,,,,,,,,,
2024-01-14 14:13:06,25976,1,2024-01-14 14:16:36,26186,0,1,NREM,211,7,,,,,,,,,,,,,,,,,
2024-01-14 14:16:37,26187,1,2024-01-14 14:17:39,26249,0,2,REM,63,7,,,,,,,,,,,,,,,,,
2024-01-14 14:17:40,26250,1,2024-01-14 14:18:07,26277,0,3,Wake,28,7,,,,,,,,,,,,,,,,,
2024-01-14 14:18:08,26278,1,2024-01-14 14:22:01,26511,0,1,NREM,234,7,,,,,,,,,,,,,,,,,
2024-01-14 14:22:02,26512,1,2024-01-14 14:22:45,26555,0,2,REM,44,7,,,,,,,,,,,,,,,,,
2024-01-14 14:22:46,26556,1,2024-01-14 14:22:58,26568,0,3,Wake,13,7,,,,,,,,,,,,,,,,,
2024-01-14 14:22:59,26569,1,2024-01-14 14:23:16,26586,0,1,NREM,18,7,,,,,,,,,,,,,,,,,
2024-01-14 14:23:17,26587,1,2024-01-14 14:23:22,26592,0,3,Wake,6,7,,,,,,,,,,,,,,,,,
2024-01-14 14:23:23,26593,1,2024-01-14 14:26:51,26801,0,1,NREM,209,7,,,,,,,,,,,,,,,,,
2024-01-14 14:26:52,26802,1,2024-01-14 14:26:58,26808,0,3,Wake,7,7,,,,,,,,,,,,,,,,,
2024-01-14 14:26:59,26809,1,2024-01-14 14:29:06,26936,0,1,NREM,128,7,,,,,,,,,,,,,,,,,
2024-01-14 14:29:07,26937,1,2024-01-14 14:29:27,26957,0,3,Wake,21,7,,,,,,,,,,,,,,,,,
2024-01-14 14:29:28,26958,1,2024-01-14 14:31:55,27105,0,1,NREM,148,7,,,,,,,,,,,,,,,,,
2024-01-14 14:31:56,27106,1,2024-01-14 14:33:21,27191,0,2,REM,86,7,,,,,,,,,,,,,,,,,
2024-01-14 14:33:22,27192,1,2024-01-14 14:33:33,27203,0,3,Wake,12,7,,,,,,,,,,,,,,,,,
2024-01-14 14:33:34,27204,1,2024-01-14 14:37:47,27457,0,1,NREM,254,7,,,,,,,,,,,,,,,,,
2024-01-14 14:37:48,27458,1,2024-01-14 14:38:06,27476,0,3,Wake,19,7,,,,,,,,,,,,,,,,,
2024-01-14 14:38:07,27477,1,2024-01-14 14:40:38,27628,0,1,NREM,152,7,,,,,,,,,,,,,,,,,
2024-01-14 14:40:39,27629,1,2024-01-14 14:40:57,27647,0,2,REM,19,7,,,,,,,,,,,,,,,,,
2024-01-14 14:40:58,27648,1,2024-01-14 14:41:11,27661,0,3,Wake,14,7,,,,,,,,,,,,,,,,,
2024-01-14 14:41:12,27662,1,2024-01-14 14:42:47,27757,0,1,NREM,96,7,,,,,,,,,,,,,,,,,
2024-01-14 14:42:48,27758,1,2024-01-14 14:43:50,27820,0,2,REM,63,7,,,,,,,,,,,,,,,,,
2024-01-14 14:43:51,27821,1,2024-01-14 14:44:08,27838,0,3,Wake,18,7,,,,,,,,,,,,,,,,,
2024-01-14 14:44:09,27839,1,2024-01-14 14:45:01,27891,0,1,NREM,53,7,,,,,,,,,,,,,,,,,
2024-01-14 14:45:02,27892,1,2024-01-14 14:45:15,27905,0,3,Wake,14,7,,,,,,,,,,,,,,,,,
2024-01-14 14:45:16,27906,1,2024-01-14 14:46:01,27951,0,1,NREM,46,7,,,,,,,,,,,,,,,,,
2024-01-14 14:46:02,27952,1,2024-01-14 14:46:09,27959,0,2,REM,8,7,,,,,,,,,,,,,,,,,
2024-01-14 14:46:10,27960,1,2024-01-14 14:46:23,27973,0,3,Wake,14,7,,,,,,,,,,,,,,,,,
2024-01-14 14:46:24,27974,1,2024-01-14 14:47:06,28016,0,1,NREM,43,7,,,,,,,,,,,,,,,,,
2024-01-14 14:47:07,28017,1,2024-01-14 14:48:30,28100,0,2,REM,84,7,,,,,,,,,,,,,,,,,
2024-01-14 14:48:31,28101,1,2024-01-14 14:49:46,28176,0,3,Wake,76,7,,,,,,,,,,,,,,,,,
2024-01-14 14:49:47,28177,1,2024-01-14 14:52:43,28353,0,1,NREM,177,7,,,,,,,,,,,,,,,,,
2024-01-14 14:52:44,28354,1,2024-01-14 14:53:07,28377,0,3,Wake,24,7,,,,,,,,,,,,,,,,,
2024-01-14 14:53:08,28378,1,2024-01-14 14:55:51,28541,0,1,NREM,164,7,,,,,,,,,,,,,,,,,
2024-01-14 14:55:52,28542,1,2024-01-14 14:56:13,28563,0,2,REM,22,7,,,,,,,,,,,,,,,,,
2024-01-14 14:56:14,28564,1,2024-01-14 14:56:33,28583,0,3,Wake,20,7,,,,,,,,,,,,,,,,,
2024-01-14 14:56:34,28584,1,2024-01-14 15:00:10,28800,0,1,NREM,217,7,,,,,,,,,,,,,,,,,
2024-01-14 15:00:10,28800, ,2024-01-14 15:00:10,28800, ,5,MARKER,,8,,,,,,,,,,,,,,,,,
2024-01-14 15:00:11,28801,1,2024-01-14 15:01:13,28863,0,1,NREM,63,8,,,,,,,,,,,,,,,,,
2024-01-14 15:01:14,28864,1,2024-01-14 15:01:28,28878,0,2,REM,15,8,,,,,,,,,,,,,,,,,
2024-01-14 15:01:29,28879,1,2024-01-14 15:01:41,28891,0,3,Wake,13,8,,,,,,,,,,,,,,,,,
2024-01-14 15:01:42,28892,1,2024-01-14 15:03:54,29024,0,1,NREM,133,8,,,,,,,,,,,,,,,,,
2024-01-14 15:03:55,29025,1,2024-01-14 15:04:02,29032,0,3,Wake,8,8,,,,,,,,,,,,,,,,,
2024-01-14 15:04:03,29033,1,2024-01-14 15:06:04,29154,0,1,NREM,122,8,,,,,,,,,,,,,,,,,
2024-01-14 15:06:05,29155,1,2024-01-14 15:07:15,29225,0,2,REM,71,8,,,,,,,,,,,,,,,,,
2024-01-14 15:07:16,29226,1,2024-01-14 15:07:31,29241,0,3,Wake,16,8,,,,,,,,,,,,,,,,,
2024-01-14 15:07:32,29242,1,2024-01-14 15:07:59,29269,0,1,NREM,28,8,,,,,,,,,,,,,,,,,
2024-01-14 15:08:00,29270,1,2024-01-14 15:28:26,30496,0,3,Wake,1227,8,,,,,,,,,,,,,,,,,
2024-01-14 15:28:27,30497,1,2024-01-14 15:35:19,30909,0,1,NREM,413,8,,,,,,,,,,,,,,,,,
2024-01-14 15:35:20,30910,1,2024-01-14 15:36:50,31000,0,2,REM,91,8,,,,,,,,,,,,,,,,,
2024-01-14 15:36:51,31001,1,2024-01-14 15:37:01,31011,0,3,Wake,11,8,,,,,,,,,,,,,,,,,
2024-01-14 15:37:02,31012,1,2024-01-14 15:41:52,31302,0,1,NREM,291,8,,,,,,,,,,,,,,,,,
2024-01-14 15:41:53,31303,1,2024-01-14 15:42:05,31315,0,2,REM,13,8,,,,,,,,,,,,,,,,,
2024-01-14 15:42:06,31316,1,2024-01-14 15:42:14,31324,0,3,Wake,9,8,,,,,,,,,,,,,,,,,
2024-01-14 15:42:15,31325,1,2024-01-14 15:44:34,31464,0,1,NREM,140,8,,,,,,,,,,,,,,,,,
2024-01-14 15:44:35,31465,1,2024-01-14 15:45:03,31493,0,3,Wake,29,8,,,,,,,,,,,,,,,,,
2024-01-14 15:45:04,31494,1,2024-01-14 15:48:13,31683,0,1,NREM,190,8,,,,,,,,,,,,,,,,,
2024-01-14 15:48:14,31684,1,2024-01-14 15:49:00,31730,0,3,Wake,47,8,,,,,,,,,,,,,,,,,
2024-01-14 15:49:01,31731,1,2024-01-14 15:50:08,31798,0,1,NREM,68,8,,,,,,,,,,,,,,,,,
2024-01-14 15:50:09,31799,1,2024-01-14 15:50:22,31812,0,3,Wake,14,8,,,,,,,,,,,,,,,,,
2024-01-14 15:50:23,31813,1,2024-01-14 15:53:11,31981,0,1,NREM,169,8,,,,,,,,,,,,,,,,,
2024-01-14 15:53:12,31982,1,2024-01-14 15:54:11,32041,0,2,REM,60,8,,,,,,,,,,,,,,,,,
2024-01-14 15:54:12,32042,1,2024-01-14 15:54:21,32051,0,3,Wake,10,8,,,,,,,,,,,,,,,,,
2024-01-14 15:54:22,32052,1,2024-01-14 15:54:47,32077,0,1,NREM,26,8,,,,,,,,,,,,,,,,,
2024-01-14 15:54:48,32078,1,2024-01-14 15:57:20,32230,0,2,REM,153,8,,,,,,,,,,,,,,,,,
2024-01-14 15:57:21,32231,1,2024-01-14 15:57:39,32249,0,3,Wake,19,8,,,,,,,,,,,,,,,,,
2024-01-14 15:57:40,32250,1,2024-01-14 16:00:10,32400,0,1,NREM,151,8,,,,,,,,,,,,,,,,,
2024-01-14 16:00:10,32400, ,2024-01-14 16:00:10,32400, ,5,MARKER,,9,,,,,,,,,,,,,,,,,
2024-01-14 16:00:11,32401,1,2024-01-14 16:03:06,32576,0,1,NREM,176,9,,,,,,,,,,,,,,,,,
2024-01-14 16:03:07,32577,1,2024-01-14 16:03:21,32591,0,3,Wake,15,9,,,,,,,,,,,,,,,,,
2024-01-14 16:03:22,32592,1,2024-01-14 16:04:43,32673,0,1,NREM,82,9,,,,,,,,,,,,,,,,,
2024-01-14 16:04:44,32674,1,2024-01-14 16:04:53,32683,0,3,Wake,10,9,,,,,,,,,,,,,,,,,
2024-01-14 16:04:54,32684,1,2024-01-14 16:05:53,32743,0,1,NREM,60,9,,,,,,,,,,,,,,,,,
2024-01-14 16:05:54,32744,1,2024-01-14 16:08:01,32871,0,2,REM,128,9,,,,,,,,,,,,,,,,,
2024-01-14 16:08:02,32872,1,2024-01-14 16:08:41,32911,0,3,Wake,40,9,,,,,,,,,,,,,,,,,
2024-01-14 16:08:42,32912,1,2024-01-14 16:09:36,32966,0,1,NREM,55,9,,,,,,,,,,,,,,,,,
2024-01-14 16:09:37,32967,1,2024-01-14 16:09:45,32975,0,3,Wake,9,9,,,,,,,,,,,,,,,,,
2024-01-14 16:09:46,32976,1,2024-01-14 16:15:36,33326,0,1,NREM,351,9,,,,,,,,,,,,,,,,,
2024-01-14 16:15:37,33327,1,2024-01-14 16:16:01,33351,0,3,Wake,25,9,,,,,,,,,,,,,,,,,
2024-01-14 16:16:02,33352,1,2024-01-14 16:19:42,33572,0,1,NREM,221,9,,,,,,,,,,,,,,,,,
2024-01-14 16:19:43,33573,1,2024-01-14 16:19:57,33587,0,2,REM,15,9,,,,,,,,,,,,,,,,,
2024-01-14 16:19:58,33588,1,2024-01-14 16:20:07,33597,0,3,Wake,10,9,,,,,,,,,,,,,,,,,
2024-01-14 16:20:08,33598,1,2024-01-14 16:21:05,33655,0,1,NREM,58,9,,,,,,,,,,,,,,,,,
2024-01-14 16:21:06,33656,1,2024-01-14 16:21:56,33706,0,2,REM,51,9,,,,,,,,,,,,,,,,,
2024-01-14 16:21:57,33707,1,2024-01-14 16:22:05,33715,0,3,Wake,9,9,,,,,,,,,,,,,,,,,
2024-01-14 16:22:06,33716,1,2024-01-14 16:25:56,33946,0,1,NREM,231,9,,,,,,,,,,,,,,,,,
2024-01-14 16:25:57,33947,1,2024-01-14 16:27:02,34012,0,3,Wake,66,9,,,,,,,,,,,,,,,,,
2024-01-14 16:27:03,34013,1,2024-01-14 16:27:42,34052,0,1,NREM,40,9,,,,,,,,,,,,,,,,,
2024-01-14 16:27:43,34053,1,2024-01-14 16:33:26,34396,0,3,Wake,344,9,,,,,,,,,,,,,,,,,
2024-01-14 16:33:27,34397,1,2024-01-14 16:34:16,34446,0,1,NREM,50,9,,,,,,,,,,,,,,,,,
2024-01-14 16:34:17,34447,1,2024-01-14 16:34:43,34473,0,3,Wake,27,9,,,,,,,,,,,,,,,,,
2024-01-14 16:34:44,34474,1,2024-01-14 16:37:23,34633,0,1,NREM,160,9,,,,,,,,,,,,,,,,,
2024-01-14 16:37:24,34634,1,2024-01-14 16:37:35,34645,0,3,Wake,12,9,,,,,,,,,,,,,,,,,
2024-01-14 16:37:36,34646,1,2024-01-14 16:40:06,34796,0,1,NREM,151,9,,,,,,,,,,,,,,,,,
2024-01-14 16:40:07,34797,1,2024-01-14 16:42:22,34932,0,2,REM,136,9,,,,,,,,,,,,,,,,,
2024-01-14 16:42:23,34933,1,2024-01-14 16:42:38,34948,0,3,Wake,16,9,,,,,,,,,,,,,,,,,
2024-01-14 16:42:39,34949,1,2024-01-14 16:44:08,35038,0,1,NREM,90,9,,,,,,,,,,,,,,,,,
2024-01-14 16:44:09,35039,1,2024-01-14 16:44:17,35047,0,3,Wake,9,9,,,,,,,,,,,,,,,,,
2024-01-14 16:44:18,35048,1,2024-01-14 16:49:24,35354,0,1,NREM,307,9,,,,,,,,,,,,,,,,,
2024-01-14 16:49:25,35355,1,2024-01-14 16:50:10,35400,0,3,Wake,46,9,,,,,,,,,,,,,,,,,
2024-01-14 16:50:11,35401,1,2024-01-14 16:52:55,35565,0,1,NREM,165,9,,,,,,,,,,,,,,,,,
2024-01-14 16:52:56,35566,1,2024-01-14 16:53:10,35580,0,2,REM,15,9,,,,,,,,,,,,,,,,,
2024-01-14 16:53:11,35581,1,2024-01-14 16:53:19,35589,0,3,Wake,9,9,,,,,,,,,,,,,,,,,
2024-01-14 16:53:20,35590,1,2024-01-14 16:54:48,35678,0,1,NREM,89,9,,,,,,,,,,,,,,,,,
2024-01-14 16:54:49,35679,1,2024-01-14 16:56:15,35765,0,2,REM,87,9,,,,,,,,,,,,,,,,,
2024-01-14 16:56:16,35766,1,2024-01-14 16:56:24,35774,0,3,Wake,9,9,,,,,,,,,,,,,,,,,
2024-01-14 16:56:25,35775,1,2024-01-14 16:57:24,35834,0,1,NREM,60,9,,,,,,,,,,,,,,,,,
2024-01-14 16:57:25,35835,1,2024-01-14 16:57:31,35841,0,3,Wake,7,9,,,,,,,,,,,,,,,,,
2024-01-14 16:57:32,35842,1,2024-01-14 17:00:10,36000,0,1,NREM,159,9,,,,,,,,,,,,,,,,,
2024-01-14 17:00:10,36000, ,2024-01-14 17:00:10,36000, ,5,MARKER,,10,,,,,,,,,,,,,,,,,
2024-01-14 17:00:11,36001,1,2024-01-14 17:00:39,36029,0,1,NREM,29,10,,,,,,,,,,,,,,,,,
2024-01-14 17:00:40,36030,1,2024-01-14 17:21:05,37255,0,3,Wake,1226,10,,,,,,,,,,,,,,,,,
2024-01-14 17:21:06,37256,1,2024-01-14 17:21:25,37275,0,1,NREM,20,10,,,,,,,,,,,,,,,,,
2024-01-14 17:21:26,37276,1,2024-01-14 17:25:32,37522,0,3,Wake,247,10,,,,,,,,,,,,,,,,,
2024-01-14 17:25:33,37523,1,2024-01-14 17:30:37,37827,0,1,NREM,305,10,,,,,,,,,,,,,,,,,
2024-01-14 17:30:38,37828,1,2024-01-14 17:30:46,37836,0,3,Wake,9,10,,,,,,,,,,,,,,,,,
2024-01-14 17:30:47,37837,1,2024-01-14 17:32:41,37951,0,1,NREM,115,10,,,,,,,,,,,,,,,,,
2024-01-14 17:32:42,37952,1,2024-01-14 17:33:01,37971,0,3,Wake,20,10,,,,,,,,,,,,,,,,,
2024-01-14 17:33:02,37972,1,2024-01-14 17:33:43,38013,0,1,NREM,42,10,,,,,,,,,,,,,,,,,
2024-01-14 17:33:44,38014,1,2024-01-14 17:33:57,38027,0,3,Wake,14,10,,,,,,,,,,,,,,,,,
2024-01-14 17:33:58,38028,1,2024-01-14 17:36:47,38197,0,1,NREM,170,10,,,,,,,,,,,,,,,,,
2024-01-14 17:36:48,38198,1,2024-01-14 17:37:46,38256,0,2,REM,59,10,,,,,,,,,,,,,,,,,
2024-01-14 17:37:47,38257,1,2024-01-14 17:37:57,38267,0,3,Wake,11,10,,,,,,,,,,,,,,,,,
2024-01-14 17:37:58,38268,1,2024-01-14 17:41:55,38505,0,1,NREM,238,10,,,,,,,,,,,,,,,,,
2024-01-14 17:41:56,38506,1,2024-01-14 17:44:23,38653,0,2,REM,148,10,,,,,,,,,,,,,,,,,
2024-01-14 17:44:24,38654,1,2024-01-14 17:44:50,38680,0,3,Wake,27,10,,,,,,,,,,,,,,,,,
2024-01-14 17:44:51,38681,1,2024-01-14 17:54:02,39232,0,1,NREM,552,10,,,,,,,,,,,,,,,,,
2024-01-14 17:54:03,39233,1,2024-01-14 17:54:41,39271,0,2,REM,39,10,,,,,,,,,,,,,,,,,
2024-01-14 17:54:42,39272,1,2024-01-14 17:54:51,39281,0,3,Wake,10,10,,,,,,,,,,,,,,,,,
2024-01-14 17:54:52,39282,1,2024-01-14 17:58:05,39475,0,1,NREM,194,10,,,,,,,,,,,,,,,,,
2024-01-14 17:58:06,39476,1,2024-01-14 17:58:29,39499,0,2,REM,24,10,,,,,,,,,,,,,,,,,
2024-01-14 17:58:30,39500,1,2024-01-14 17:58:50,39520,0,3,Wake,21,10,,,,,,,,,,,,,,,,,
2024-01-14 17:58:51,39521,1,2024-01-14 18:00:10,39600,0,1,NREM,80,10,,,,,,,,,,,,,,,,,
2024-01-14 18:00:10,39600, ,2024-01-14 18:00:10,39600, ,5,MARKER,,11,,,,,,,,,,,,,,,,,
2024-01-14 18:00:11,39601,1,2024-01-14 18:00:45,39635,0,1,NREM,35,11,,,,,,,,,,,,,,,,,
2024-01-14 18:00:46,39636,1,2024-01-14 18:01:38,39688,0,2,REM,53,11,,,,,,,,,,,,,,,,,
2024-01-14 18:01:39,39689,1,2024-01-14 18:01:48,39698,0,3,Wake,10,11,,,,,,,,,,,,,,,,,
2024-01-14 18:01:49,39699,1,2024-01-14 18:02:31,39741,0,1,NREM,43,11,,,,,,,,,,,,,,,,,
2024-01-14 18:02:32,39742,1,2024-01-14 18:03:03,39773,0,2,REM,32,11,,,,,,,,,,,,,,,,,
2024-01-14 18:03:04,39774,1,2024-01-14 18:04:18,39848,0,3,Wake,75,11,,,,,,,,,,,,,,,,,
2024-01-14 18:04:19,39849,1,2024-01-14 18:04:42,39872,0,1,NREM,24,11,,,,,,,,,,,,,,,,,
2024-01-14 18:04:43,39873,1,2024-01-14 18:06:05,39955,0,3,Wake,83,11,,,,,,,,,,,,,,,,,
2024-01-14 18:06:06,39956,1,2024-01-14 18:07:47,40057,0,1,NREM,102,11,,,,,,,,,,,,,,,,,
2024-01-14 18:07:48,40058,1,2024-01-14 18:08:00,40070,0,3,Wake,13,11,,,,,,,,,,,,,,,,,
2024-01-14 18:08:01,40071,1,2024-01-14 18:08:40,40110,0,1,NREM,40,11,,,,,,,,,,,,,,,,,
2024-01-14 18:08:41,40111,1,2024-01-14 18:09:20,40150,0,3,Wake,40,11,,,,,,,,,,,,,,,,,
2024-01-14 18:09:21,40151,1,2024-01-14 18:16:55,40605,0,1,NREM,455,11,,,,,,,,,,,,,,,,,
2024-01-14 18:16:56,40606,1,2024-01-14 18:17:04,40614,0,3,Wake,9,11,,,,,,,,,,,,,,,,,
2024-01-14 18:17:05,40615,1,2024-01-14 18:17:53,40663,0,1,NREM,49,11,,,,,,,,,,,,,,,,,
2024-01-14 18:17:54,40664,1,2024-01-14 18:18:18,40688,0,2,REM,25,11,,,,,,,,,,,,,,,,,
2024-01-14 18:18:19,40689,1,2024-01-14 18:18:30,40700,0,3,Wake,12,11,,,,,,,,,,,,,,,,,
2024-01-14 18:18:31,40701,1,2024-01-14 18:21:06,40856,0,1,NREM,156,11,,,,,,,,,,,,,,,,,
2024-01-14 18:21:07,40857,1,2024-01-14 18:21:39,40889,0,2,REM,33,11,,,,,,,,,,,,,,,,,
2024-01-14 18:21:40,40890,1,2024-01-14 18:22:13,40923,0,3,Wake,34,11,,,,,,,,,,,,,,,,,
2024-01-14 18:22:14,40924,1,2024-01-14 18:25:20,41110,0,1,NREM,187,11,,,,,,,,,,,,,,,,,
2024-01-14 18:25:21,41111,1,2024-01-14 18:25:53,41143,0,2,REM,33,11,,,,,,,,,,,,,,,,,
2024-01-14 18:25:54,41144,1,2024-01-14 18:26:01,41151,0,3,Wake,8,11,,,,,,,,,,,,,,,,,
2024-01-14 18:26:02,41152,1,2024-01-14 18:26:51,41201,0,1,NREM,50,11,,,,,,,,,,,,,,,,,
2024-01-14 18:26:52,41202,1,2024-01-14 18:28:27,41297,0,2,REM,96,11,,,,,,,,,,,,,,,,,
2024-01-14 18:28:28,41298,1,2024-01-14 18:28:46,41316,0,3,Wake,19,11,,,,,,,,,,,,,,,,,
2024-01-14 18:28:47,41317,1,2024-01-14 18:29:01,41331,0,1,NREM,15,11,,,,,,,,,,,,,,,,,
2024-01-14 18:29:02,41332,1,2024-01-14 18:29:11,41341,0,3,Wake,10,11,,,,,,,,,,,,,,,,,
2024-01-14 18:29:12,41342,1,2024-01-14 18:29:48,41378,0,1,NREM,37,11,,,,,,,,,,,,,,,,,
2024-01-14 18:29:49,41379,1,2024-01-14 18:33:54,41624,0,3,Wake,246,11,,,,,,,,,,,,,,,,,
2024-01-14 18:33:55,41625,1,2024-01-14 18:38:36,41906,0,1,NREM,282,11,,,,,,,,,,,,,,,,,
2024-01-14 18:38:37,41907,1,2024-01-14 18:38:58,41928,0,3,Wake,22,11,,,,,,,,,,,,,,,,,
2024-01-14 18:38:59,41929,1,2024-01-14 18:40:21,42011,0,1,NREM,83,11,,,,,,,,,,,,,,,,,
2024-01-14 18:40:22,42012,1,2024-01-14 18:40:53,42043,0,3,Wake,32,11,,,,,,,,,,,,,,,,,
2024-01-14 18:40:54,42044,1,2024-01-14 18:43:40,42210,0,1,NREM,167,11,,,,,,,,,,,,,,,,,
2024-01-14 18:43:41,42211,1,2024-01-14 18:46:41,42391,0,2,REM,181,11,,,,,,,,,,,,,,,,,
2024-01-14 18:46:42,42392,1,2024-01-14 18:47:01,42411,0,3,Wake,20,11,,,,,,,,,,,,,,,,,
2024-01-14 18:47:02,42412,1,2024-01-14 18:51:35,42685,0,1,NREM,274,11,,,,,,,,,,,,,,,,,
2024-01-14 18:51:36,42686,1,2024-01-14 18:51:46,42696,0,3,Wake,11,11,,,,,,,,,,,,,,,,,
2024-01-14 18:51:47,42697,1,2024-01-14 18:54:33,42863,0,1,NREM,167,11,,,,,,,,,,,,,,,,,
2024-01-14 18:54:34,42864,1,2024-01-14 18:54:50,42880,0,3,Wake,17,11,,,,,,,,,,,,,,,,,
2024-01-14 18:54:51,42881,1,2024-01-14 18:55:26,42916,0,1,NREM,36,11,,,,,,,,,,,,,,,,,
2024-01-14 18:55:27,42917,1,2024-01-14 19:00:10,43200,0,3,Wake,284,11,,,,,,,,,,,,,,,,,
2024-01-14 19:00:10,43200, ,2024-01-14 19:00:10,43200, ,5,MARKER,,12,,,,,,,,,,,,,,,,,
2024-01-14 19:00:11,43201,1,2024-01-14 19:38:11,45481,0,3,Wake,2281,12,,,,,,,,,,,,,,,,,
2024-01-14 19:38:12,45482,1,2024-01-14 19:39:21,45551,0,1,NREM,70,12,,,,,,,,,,,,,,,,,
2024-01-14 19:39:22,45552,1,2024-01-14 19:39:34,45564,0,3,Wake,13,12,,,,,,,,,,,,,,,,,
2024-01-14 19:39:35,45565,1,2024-01-14 19:39:45,45575,0,1,NREM,11,12,,,,,,,,,,,,,,,,,
2024-01-14 19:39:46,45576,1,2024-01-14 19:39:56,45586,0,3,Wake,11,12,,,,,,,,,,,,,,,,,
2024-01-14 19:39:57,45587,1,2024-01-14 19:44:54,45884,0,1,NREM,298,12,,,,,,,,,,,,,,,,,
2024-01-14 19:44:55,45885,1,2024-01-14 19:45:02,45892,0,3,Wake,8,12,,,,,,,,,,,,,,,,,
2024-01-14 19:45:03,45893,1,2024-01-14 19:47:18,46028,0,1,NREM,136,12,,,,,,,,,,,,,,,,,
2024-01-14 19:47:19,46029,1,2024-01-14 20:00:10,46800,0,3,Wake,772,12,,,,,,,,,,,,,,,,,
2024-01-14 20:00:10,46800, ,2024-01-14 20:00:10,46800, ,5,MARKER,,13,,,,,,,,,,,,,,,,,
2024-01-14 20:00:11,46801,1,2024-01-14 21:00:10,50400,0,3,Wake,3600,13,,,,,,,,,,,,,,,,,
2024-01-14 21:00:10,50400, ,2024-01-14 21:00:10,50400, ,5,MARKER,,14,,,,,,,,,,,,,,,,,
2024-01-14 21:00:11,50401,1,2024-01-14 22:00:10,54000,0,3,Wake,3600,14,,,,,,,,,,,,,,,,,
2024-01-14 22:00:10,54000, ,2024-01-14 22:00:10,54000, ,5,MARKER,,15,,,,,,,,,,,,,,,,,
2024-01-14 22:00:11,54001,1,2024-01-14 23:00:10,57600,0,3,Wake,3600,15,,,,,,,,,,,,,,,,,
2024-01-14 23:00:10,57600, ,2024-01-14 23:00:10,57600, ,5,MARKER,,16,,,,,,,,,,,,,,,,,
2024-01-14 23:00:11,57601,1,2024-01-15 00:00:10,61200,0,3,Wake,3600,16,,,,,,,,,,,,,,,,,
2024-01-15 00:00:10,61200, ,2024-01-15 00:00:10,61200, ,5,MARKER,,17,,,,,,,,,,,,,,,,,
2024-01-15 00:00:11,61201,1,2024-01-15 01:00:10,64800,0,3,Wake,3600,17,,,,,,,,,,,,,,,,,
2024-01-15 01:00:10,64800, ,2024-01-15 01:00:10,64800, ,5,MARKER,,18,,,,,,,,,,,,,,,,,
2024-01-15 01:00:11,64801,1,2024-01-15 01:10:22,65412,0,3,Wake,612,18,,,,,,,,,,,,,,,,,
2024-01-15 01:10:23,65413,1,2024-01-15 01:10:44,65434,0,1,NREM,22,18,,,,,,,,,,,,,,,,,
2024-01-15 01:10:45,65435,1,2024-01-15 01:11:16,65466,0,3,Wake,32,18,,,,,,,,,,,,,,,,,
2024-01-15 01:11:17,65467,1,2024-01-15 01:11:30,65480,0,1,NREM,14,18,,,,,,,,,,,,,,,,,
2024-01-15 01:11:31,65481,1,2024-01-15 01:19:36,65966,0,3,Wake,486,18,,,,,,,,,,,,,,,,,
2024-01-15 01:19:37,65967,1,2024-01-15 01:21:42,66092,0,1,NREM,126,18,,,,,,,,,,,,,,,,,
2024-01-15 01:21:43,66093,1,2024-01-15 01:21:51,66101,0,3,Wake,9,18,,,,,,,,,,,,,,,,,
2024-01-15 01:21:52,66102,1,2024-01-15 01:23:34,66204,0,1,NREM,103,18,,,,,,,,,,,,,,,,,
2024-01-15 01:23:35,66205,1,2024-01-15 01:23:42,66212,0,3,Wake,8,18,,,,,,,,,,,,,,,,,
2024-01-15 01:23:43,66213,1,2024-01-15 01:25:09,66299,0,1,NREM,87,18,,,,,,,,,,,,,,,,,
2024-01-15 01:25:10,66300,1,2024-01-15 01:26:14,66364,0,2,REM,65,18,,,,,,,,,,,,,,,,,
2024-01-15 01:26:15,66365,1,2024-01-15 01:26:26,66376,0,3,Wake,12,18,,,,,,,,,,,,,,,,,
2024-01-15 01:26:27,66377,1,2024-01-15 01:32:41,66751,0,1,NREM,375,18,,,,,,,,,,,,,,,,,
2024-01-15 01:32:42,66752,1,2024-01-15 01:32:55,66765,0,2,REM,14,18,,,,,,,,,,,,,,,,,
2024-01-15 01:32:56,66766,1,2024-01-15 01:33:21,66791,0,3,Wake,26,18,,,,,,,,,,,,,,,,,
2024-01-15 01:33:22,66792,1,2024-01-15 01:35:42,66932,0,1,NREM,141,18,,,,,,,,,,,,,,,,,
2024-01-15 01:35:43,66933,1,2024-01-15 01:35:52,66942,0,3,Wake,10,18,,,,,,,,,,,,,,,,,
2024-01-15 01:35:53,66943,1,2024-01-15 01:36:41,66991,0,1,NREM,49,18,,,,,,,,,,,,,,,,,
2024-01-15 01:36:42,66992,1,2024-01-15 01:36:56,67006,0,2,REM,15,18,,,,,,,,,,,,,,,,,
2024-01-15 01:36:57,67007,1,2024-01-15 01:37:06,67016,0,3,Wake,10,18,,,,,,,,,,,,,,,,,
2024-01-15 01:37:07,67017,1,2024-01-15 01:38:13,67083,0,1,NREM,67,18,,,,,,,,,,,,,,,,,
2024-01-15 01:38:14,67084,1,2024-01-15 01:38:20,67090,0,3,Wake,7,18,,,,,,,,,,,,,,,,,
2024-01-15 01:38:21,67091,1,2024-01-15 01:39:12,67142,0,1,NREM,52,18,,,,,,,,,,,,,,,,,
2024-01-15 01:39:13,67143,1,2024-01-15 01:40:17,67207,0,2,REM,65,18,,,,,,,,,,,,,,,,,
2024-01-15 01:40:18,67208,1,2024-01-15 01:40:54,67244,0,3,Wake,37,18,,,,,,,,,,,,,,,,,
2024-01-15 01:40:55,67245,1,2024-01-15 01:46:12,67562,0,1,NREM,318,18,,,,,,,,,,,,,,,,,
2024-01-15 01:46:13,67563,1,2024-01-15 01:46:21,67571,0,3,Wake,9,18,,,,,,,,,,,,,,,,,
2024-01-15 01:46:22,67572,1,2024-01-15 01:47:15,67625,0,1,NREM,54,18,,,,,,,,,,,,,,,,,
2024-01-15 01:47:16,67626,1,2024-01-15 01:48:47,67717,0,2,REM,92,18,,,,,,,,,,,,,,,,,
2024-01-15 01:48:48,67718,1,2024-01-15 01:48:59,67729,0,3,Wake,12,18,,,,,,,,,,,,,,,,,
2024-01-15 01:49:00,67730,1,2024-01-15 01:50:19,67809,0,1,NREM,80,18,,,,,,,,,,,,,,,,,
2024-01-15 01:50:20,67810,1,2024-01-15 01:50:27,67817,0,3,Wake,8,18,,,,,,,,,,,,,,,,,
2024-01-15 01:50:28,67818,1,2024-01-15 01:56:35,68185,0,1,NREM,368,18,,,,,,,,,,,,,,,,,
2024-01-15 01:56:36,68186,1,2024-01-15 01:56:48,68198,0,2,REM,13,18,,,,,,,,,,,,,,,,,
2024-01-15 01:56:49,68199,1,2024-01-15 01:57:09,68219,0,3,Wake,21,18,,,,,,,,,,,,,,,,,
2024-01-15 01:57:10,68220,1,2024-01-15 01:59:56,68386,0,1,NREM,167,18,,,,,,,,,,,,,,,,,
2024-01-15 01:59:57,68387,1,2024-01-15 02:00:10,68400,0,2,REM,14,18,,,,,,,,,,,,,,,,,
2024-01-15 02:00:10,68400, ,2024-01-15 02:00:10,68400, ,5,MARKER,,19,,,,,,,,,,,,,,,,,
2024-01-15 02:00:11,68401,1,2024-01-15 02:01:09,68459,0,2,REM,59,19,,,,,,,,,,,,,,,,,
2024-01-15 02:01:10,68460,1,2024-01-15 02:01:18,68468,0,3,Wake,9,19,,,,,,,,,,,,,,,,,
2024-01-15 02:01:19,68469,1,2024-01-15 02:01:26,68476,0,1,NREM,8,19,,,,,,,,,,,,,,,,,
2024-01-15 02:01:27,68477,1,2024-01-15 02:02:26,68536,0,2,REM,60,19,,,,,,,,,,,,,,,,,
2024-01-15 02:02:27,68537,1,2024-01-15 02:02:39,68549,0,3,Wake,13,19,,,,,,,,,,,,,,,,,
2024-01-15 02:02:40,68550,1,2024-01-15 02:09:17,68947,0,1,NREM,398,19,,,,,,,,,,,,,,,,,
2024-01-15 02:09:18,68948,1,2024-01-15 02:10:03,68993,0,2,REM,46,19,,,,,,,,,,,,,,,,,
2024-01-15 02:10:04,68994,1,2024-01-15 02:27:24,70034,0,3,Wake,1041,19,,,,,,,,,,,,,,,,,
2024-01-15 02:27:25,70035,1,2024-01-15 02:29:09,70139,0,1,NREM,105,19,,,,,,,,,,,,,,,,,
2024-01-15 02:29:10,70140,1,2024-01-15 02:29:15,70145,0,3,Wake,6,19,,,,,,,,,,,,,,,,,
2024-01-15 02:29:16,70146,1,2024-01-15 02:32:41,70351,0,1,NREM,206,19,,,,,,,,,,,,,,,,,
2024-01-15 02:32:42,70352,1,2024-01-15 02:34:08,70438,0,2,REM,87,19,,,,,,,,,,,,,,,,,
2024-01-15 02:34:09,70439,1,2024-01-15 02:34:19,70449,0,3,Wake,11,19,,,,,,,,,,,,,,,,,
2024-01-15 02:34:20,70450,1,2024-01-15 02:37:38,70648,0,1,NREM,199,19,,,,,,,,,,,,,,,,,
2024-01-15 02:37:39,70649,1,2024-01-15 02:38:27,70697,0,2,REM,49,19,,,,,,,,,,,,,,,,,
2024-01-15 02:38:28,70698,1,2024-01-15 03:00:10,72000,0,3,Wake,1303,19,,,,,,,,,,,,,,,,,
2024-01-15 03:00:10,72000, ,2024-01-15 03:00:10,72000, ,5,MARKER,,20,,,,,,,,,,,,,,,,,
2024-01-15 03:00:11,72001,1,2024-01-15 03:42:57,74567,0,3,Wake,2567,20,,,,,,,,,,,,,,,,,
2024-01-15 03:42:58,74568,1,2024-01-15 03:43:08,74578,0,1,NREM,11,20,,,,,,,,,,,,,,,,,
2024-01-15 03:43:09,74579,1,2024-01-15 03:53:37,75207,0,3,Wake,629,20,,,,,,,,,,,,,,,,,
2024-01-15 03:53:38,75208,1,2024-01-15 03:53:47,75217,0,1,NREM,10,20,,,,,,,,,,,,,,,,,
2024-01-15 03:53:48,75218,1,2024-01-15 03:53:56,75226,0,3,Wake,9,20,,,,,,,,,,,,,,,,,
2024-01-15 03:53:57,75227,1,2024-01-15 03:54:25,75255,0,1,NREM,29,20,,,,,,,,,,,,,,,,,
2024-01-15 03:54:26,75256,1,2024-01-15 03:54:34,75264,0,3,Wake,9,20,,,,,,,,,,,,,,,,,
2024-01-15 03:54:35,75265,1,2024-01-15 03:59:40,75570,0,1,NREM,306,20,,,,,,,,,,,,,,,,,
2024-01-15 03:59:41,75571,1,2024-01-15 03:59:56,75586,0,2,REM,16,20,,,,,,,,,,,,,,,,,
2024-01-15 03:59:57,75587,1,2024-01-15 04:00:10,75600,0,3,Wake,14,20,,,,,,,,,,,,,,,,,
2024-01-15 04:00:10,75600, ,2024-01-15 04:00:10,75600, ,5,MARKER,,21,,,,,,,,,,,,,,,,,
2024-01-15 04:00:11,75601,1,2024-01-15 04:00:25,75615,0,3,Wake,15,21,,,,,,,,,,,,,,,,,
2024-01-15 04:00:26,75616,1,2024-01-15 04:03:16,75786,0,1,NREM,171,21,,,,,,,,,,,,,,,,,
2024-01-15 04:03:17,75787,1,2024-01-15 04:03:31,75801,0,2,REM,15,21,,,,,,,,,,,,,,,,,
2024-01-15 04:03:32,75802,1,2024-01-15 04:03:38,75808,0,3,Wake,7,21,,,,,,,,,,,,,,,,,
2024-01-15 04:03:39,75809,1,2024-01-15 04:05:21,75911,0,1,NREM,103,21,,,,,,,,,,,,,,,,,
2024-01-15 04:05:22,75912,1,2024-01-15 04:06:45,75995,0,2,REM,84,21,,,,,,,,,,,,,,,,,
2024-01-15 04:06:46,75996,1,2024-01-15 04:07:06,76016,0,3,Wake,21,21,,,,,,,,,,,,,,,,,
2024-01-15 04:07:07,76017,1,2024-01-15 04:11:55,76305,0,1,NREM,289,21,,,,,,,,,,,,,,,,,
2024-01-15 04:11:56,76306,1,2024-01-15 04:12:11,76321,0,2,REM,16,21,,,,,,,,,,,,,,,,,
2024-01-15 04:12:12,76322,1,2024-01-15 04:12:20,76330,0,3,Wake,9,21,,,,,,,,,,,,,,,,,
2024-01-15 04:12:21,76331,1,2024-01-15 04:14:03,76433,0,1,NREM,103,21,,,,,,,,,,,,,,,,,
2024-01-15 04:14:04,76434,1,2024-01-15 04:14:37,76467,0,2,REM,34,21,,,,,,,,,,,,,,,,,
2024-01-15 04:14:38,76468,1,2024-01-15 05:00:10,79200,0,3,Wake,2733,21,,,,,,,,,,,,,,,,,
2024-01-15 05:00:10,79200, ,2024-01-15 05:00:10,79200, ,5,MARKER,,22,,,,,,,,,,,,,,,,,
2024-01-15 05:00:11,79201,1,2024-01-15 06:00:10,82800,0,3,Wake,3600,22,,,,,,,,,,,,,,,,,
2024-01-15 06:00:10,82800, ,2024-01-15 06:00:10,82800, ,5,MARKER,,23,,,,,,,,,,,,,,,,,
2024-01-15 06:00:11,82801,1,2024-01-15 07:00:10,86400,0,3,Wake,3600,23,,,,,,,,,,,,,,,,,
2024-01-15 07:00:10,86400, ,2024-01-15 07:00:10,86400, ,5,MARKER,,24,,,,,,,,,,,,,,,,,
2024-01-15 07:00:11,86401,1,2024-01-15 07:00:59,86449,0,3,Wake,49,24,,,,,,,,,,,,,,,,,
